assetidhub,servicing_transfer_duration,pre_fc_duration,fc_duration_state_avg,renovation_duration,reo_marketing_duration,dil_duration,reconciled_rehab_cost,total_property_tax,total_insurance,total_hoa,total_utility,broker_fees,am_liq_fees,trashout_cost,fc_expenses,dil_fees,acq_costs,servicing_fc,servicing_liq_fee,expected_gross_proceeds,purchase_price,bid_pct_upb,bid_pct_td,bid_pct_sellerasis,expected_exit_date,expected_net_proceeds,expected_pl,expected_moic,expected_irr,outcome_dil_asis,outcome_dil_arv,outcome_reo_arv,outcome_reo_asis,purchase_date,expected_pv
1078,0, 3 , 10 , 4 , 4 , 2 ," 30,000 "," 7,594 "," 2,788 ", -   ," 2,230 "," 43,600 "," 8,175 ",," 2,600 "," 3,500 "," 2,436 "," 1,017 ",," 545,000 "," 338,374.57 ",144.1%,82.0%,75.4%,10/18/2026,," 109,361 ",1.25x,12.8%,35%,0%,0%,65%,12/18/2024,
1104,0, 3 , 10 , 4 , 4 , 2 ," 125,000 "," 6,427 "," 2,788 ", -   ," 2,230 "," 52,000 "," 9,750 ",," 2,600 "," 3,500 "," 2,737 "," 1,017 ",," 650,000 "," 300,136.18 ",109.2%,45.1%,79.0%,10/18/2026,," 150,046 ",1.30x,15.2%,35%,0%,0%,65%,12/18/2024,
1118,0, 3 , 8 ,, 4 , 2 , -   ," 6,597 "," 2,025 ", -   ," 3,564 "," 26,000 "," 4,875 ",," 2,925 "," 3,500 "," 2,528 ", 901 ,," 325,000 "," 201,665.00 ",81.6%,41.9%,73.9%,4/18/2026,," 73,760 ",1.29x,21.0%,35%,0%,0%,65%,12/18/2024,
1132,0, 3 , 8 ,, 4 , 2 , -   ," 8,579 "," 2,025 ", -   ," 3,564 "," 32,000 "," 6,000 ",," 2,925 "," 3,500 "," 2,570 ", 901 ,," 400,000 "," 274,045.00 ",108.5%,53.7%,77.2%,4/18/2026,," 68,346 ",1.21x,14.9%,35%,0%,0%,65%,12/18/2024,
1097,0, 3 , 8 ,, 4 , 2 , -   ," 6,452 "," 2,025 ", -   ," 3,564 "," 25,200 "," 4,725 ",," 2,925 "," 3,500 "," 2,329 ", 901 ,," 315,000 "," 195,082.00 ",88.4%,50.5%,73.1%,4/18/2026,," 71,467 ",1.29x,21.0%,35%,0%,0%,65%,12/18/2024,
1072,0, 3 , 8 ,, 4 , 2 , -   ," 4,954 "," 2,025 ", -   ," 3,564 "," 27,200 "," 5,100 ",," 2,925 "," 3,500 "," 2,340 ", 901 ,," 340,000 "," 170,365.00 ",76.7%,26.0%,83.1%,4/18/2026,," 120,636 ",1.55x,38.3%,35%,0%,0%,65%,12/18/2024,
1124,0, 3 , 8 ,, 4 , 2 , -   ," 6,935 "," 2,025 ", -   ," 3,564 "," 26,400 "," 4,950 ",," 2,925 "," 3,500 "," 2,322 ", 901 ,," 330,000 "," 204,996.00 ",93.4%,42.1%,71.4%,4/18/2026,," 74,862 ",1.29x,21.0%,35%,0%,0%,65%,12/18/2024,
1115,0, 3 , 8 ,, 4 , 2 , -   ," 7,999 "," 2,025 ", -   ," 3,564 "," 32,000 "," 6,000 ",," 2,925 "," 3,500 "," 2,717 ", 901 ,," 400,000 "," 272,180.00 ",99.9%,43.1%,82.2%,4/18/2026,," 70,639 ",1.21x,15.5%,35%,0%,0%,65%,12/18/2024,
1111,0, 3 , 8 ,, 4 , 2 , -   ," 9,062 "," 2,025 ", -   ," 3,564 "," 34,000 "," 6,375 ",," 2,925 "," 3,500 "," 3,083 ", 901 ,," 425,000 "," 300,300.00 ",93.5%,54.8%,80.1%,4/18/2026,," 64,140 ",1.18x,12.9%,35%,0%,0%,65%,12/18/2024,
1133,0, 3 , 8 , 4 , 4 , 2 ," 100,000 "," 21,092 "," 2,525 ", -   ," 4,444 "," 80,000 "," 15,000 ",," 2,925 "," 3,500 "," 4,074 ", 901 ,," 1,000,000 "," 509,575.00 ",112.4%,62.4%,72.8%,8/18/2026,," 269,464 ",1.37x,20.5%,35%,0%,0%,65%,12/18/2024,
1083,0, 3 , 4 ,, 4 , 2 , -   ," 4,743 "," 1,510 ", -   ," 1,208 "," 66,000 "," 12,375 ",," 2,633 "," 3,500 "," 4,323 ", 675 ,," 825,000 "," 453,894.29 ",93.3%,45.4%,59.7%,12/18/2025,," 285,014 ",1.53x,52.3%,35%,0%,0%,65%,12/18/2024,
1096,0, 3 , 4 ,, 4 , 2 , -   ," 4,370 "," 1,510 ", -   ," 1,208 "," 70,000 "," 13,125 ",," 2,633 "," 3,500 "," 3,965 ", 675 ,," 875,000 "," 632,514.00 ",144.2%,60.4%,90.4%,12/18/2025,," 153,125 ",1.21x,21.1%,35%,0%,0%,65%,12/18/2024,
1116,0, 3 , 5 ,, 4 , 2 , -   ," 7,169 "," 1,727 ", -   ," 3,454 "," 50,000 "," 9,375 ",," 1,950 "," 3,500 "," 2,853 ", 770 ,," 625,000 "," 405,521.00 ",139.7%,60.9%,68.4%,1/18/2026,," 146,556 ",1.31x,26.1%,35%,0%,0%,65%,12/18/2024,
1117,0, 3 , 5 ,, 4 , 2 , -   ," 5,380 "," 1,727 ", -   ," 3,454 "," 35,200 "," 6,600 ",," 1,950 "," 3,500 "," 2,944 ", 770 ,," 440,000 "," 300,472.00 ",99.3%,50.5%,67.5%,1/18/2026,," 83,103 ",1.23x,19.9%,35%,0%,0%,65%,12/18/2024,
1094,0, 3 , 5 ,, 4 , 2 , -   ," 4,325 "," 1,727 ", -   ," 3,454 "," 32,000 "," 6,000 ",," 1,950 "," 3,500 "," 2,368 ", 770 ,," 400,000 "," 261,442.86 ",115.8%,57.6%,73.1%,1/18/2026,," 86,962 ",1.28x,23.7%,35%,0%,0%,65%,12/18/2024,
1077,0, 3 , 9 ,, 4 , 2 , -   ," 11,559 "," 2,190 ", -   ," 4,380 "," 30,000 "," 5,625 ",," 1,820 "," 3,500 "," 3,088 ", 974 ,," 375,000 "," 224,852.00 ",69.9%,45.0%,63.3%,5/18/2026,," 91,136 ",1.32x,21.0%,35%,0%,0%,65%,12/18/2024,
1126,0, 3 , 9 ,, 4 , 2 , -   ," 10,713 "," 2,190 ", -   ," 4,380 "," 31,600 "," 5,925 ",," 1,820 "," 3,500 "," 2,855 ", 974 ,," 395,000 "," 272,095.00 ",93.6%,45.8%,82.7%,5/18/2026,," 63,373 ",1.19x,12.7%,35%,0%,0%,65%,12/18/2024,
1089,0, 3 , 9 ,, 4 , 2 , -   ," 11,168 "," 2,190 ", -   ," 4,380 "," 34,000 "," 6,375 ",," 1,820 "," 3,500 "," 2,539 ", 974 ,," 425,000 "," 259,623.00 ",104.5%,49.5%,75.7%,5/18/2026,," 103,306 ",1.32x,21.0%,35%,0%,0%,65%,12/18/2024,
1088,0, 3 , 9 ,, 4 , 2 , -   ," 16,248 "," 2,190 ", -   ," 4,380 "," 54,000 "," 10,125 ",," 1,820 "," 3,500 "," 3,978 ", 974 ,," 675,000 "," 422,272.00 ",95.9%,48.3%,84.6%,5/18/2026,," 164,138 ",1.32x,21.0%,35%,0%,0%,65%,12/18/2024,
1099,0, 3 , 12 ,, 4 , 2 , -   ," 11,912 "," 2,605 ", -   ," 3,751 "," 50,000 "," 9,375 ",," 4,550 "," 3,500 "," 3,075 "," 1,156 ",," 625,000 "," 280,662.00 ",87.7%,53.0%,57.3%,8/18/2026,," 262,290 ",1.72x,36.8%,35%,0%,0%,65%,12/18/2024,
1122,0, 3 , 12 ,, 4 , 2 , -   ," 12,641 "," 2,605 ", -   ," 3,751 "," 50,000 "," 9,375 ",," 4,550 "," 3,500 "," 4,530 "," 1,156 ",," 625,000 "," 364,620.00 ",70.9%,31.7%,70.1%,8/18/2026,," 176,148 ",1.39x,21.0%,35%,0%,0%,65%,12/18/2024,
1084,0, 3 , 12 ,, 4 , 2 , -   ," 4,060 ", 375 , -   , 540 ," 72,000 "," 13,500 ",," 4,550 "," 3,500 "," 3,579 "," 1,156 ",," 900,000 "," 682,389.16 ",176.3%,82.0%,58.8%,3/18/2025,," 126,351 ",1.16x,83.1%,35%,0%,0%,65%,12/18/2024,
1081,0, 3 , 8 ,, 4 , 2 , -   ," 4,060 "," 2,030 ", -   ," 3,574 "," 17,200 "," 3,225 ",," 3,250 "," 3,500 "," 1,816 ", 903 ,," 215,000 "," 116,529.91 ",76.6%,41.0%,57.9%,4/18/2026,," 60,637 ",1.39x,27.7%,35%,0%,0%,65%,12/18/2024,
1109,0, 3 , 8 ,, 4 , 2 , -   ," 2,219 "," 2,030 ", -   ," 3,574 "," 8,000 "," 1,500 ",," 3,250 "," 3,500 "," 1,023 ", 903 ,," 100,000 "," 48,503.00 ",104.6%,51.0%,44.1%,4/18/2026,," 25,998 ",1.35x,24.9%,35%,0%,0%,65%,12/18/2024,
1092,0, 3 , 3 , 4 , 4 , 2 ," 20,000 "," 6,444 "," 1,973 ", -   ," 2,683 "," 30,000 "," 5,625 ",," 3,250 "," 3,500 "," 1,910 ", 658 ,," 375,000 "," 253,142.00 ",153.7%,77.3%,72.3%,3/18/2026,," 49,942 ",1.15x,11.5%,35%,0%,0%,65%,12/18/2024,
1136,0, 3 , 8 ,, 4 , 2 , -   ," 12,669 "," 2,001 ", -   ," 1,921 "," 36,000 "," 6,750 ",," 2,925 "," 3,500 "," 3,489 ", 890 ,," 450,000 "," 283,859.17 ",75.7%,40.6%,62.2%,4/18/2026,," 101,246 ",1.29x,21.1%,35%,0%,0%,65%,12/18/2024,
1074,0, 3 , 11 ,, 4 , 2 , -   ," 3,031 "," 2,423 ", -   ," 2,908 "," 18,000 "," 3,375 ",," 1,528 "," 3,500 "," 1,398 "," 1,076 ",," 225,000 "," 128,949.00 ",133.8%,66.0%,57.7%,7/18/2026,," 60,687 ",1.37x,21.5%,35%,0%,0%,65%,12/18/2024,
1137,0, 3 , 6 ,, 4 , 2 , -   ," 8,216 "," 1,800 ", -   ," 2,592 "," 34,000 "," 6,375 ",," 1,528 "," 3,500 "," 2,913 ", 802 ,," 425,000 "," 281,237.00 ",94.3%,40.8%,67.0%,2/18/2026,," 86,912 ",1.26x,21.0%,35%,0%,0%,65%,12/18/2024,
1128,0, 3 , 5 ,, 4 , 2 , -   ," 1,026 "," 1,673 ", -   ," 1,740 "," 22,000 "," 4,125 ",," 1,333 "," 3,500 "," 1,656 ", 746 ,," 275,000 "," 176,373.00 ",134.8%,72.0%,76.7%,1/18/2026,," 63,453 ",1.30x,26.5%,35%,0%,0%,65%,12/18/2024,
1131,0, 3 , 3 ,, 4 , 2 , -   ," 3,321 "," 1,483 ", -   ," 2,373 "," 30,000 "," 5,625 ",," 1,365 "," 3,500 "," 1,938 ", 663 ,," 375,000 "," 285,306.00 ",169.5%,68.7%,78.2%,11/18/2025,," 43,551 ",1.13x,13.3%,35%,0%,0%,65%,12/18/2024,
1125,0, 3 , 4 ,, 4 , 2 , -   ," 2,925 "," 1,565 ", -   ," 1,878 "," 30,000 "," 5,625 ",," 1,690 "," 3,500 "," 2,340 ", 698 ,," 375,000 "," 261,256.00 ",117.7%,56.8%,76.4%,12/18/2025,," 67,649 ",1.22x,21.0%,35%,0%,0%,65%,12/18/2024,
1073,0, 3 , 4 ,, 4 , 2 , -   ," 2,887 "," 1,565 ", -   ," 1,878 "," 25,600 "," 4,800 ",," 1,690 "," 3,500 "," 1,997 ", 698 ,," 320,000 "," 233,958.00 ",132.7%,53.4%,69.3%,12/18/2025,," 44,727 ",1.16x,15.5%,35%,0%,0%,65%,12/18/2024,
1079,0, 3 , 4 ,, 4 , 2 , -   ," 2,994 "," 1,565 ", -   ," 1,878 "," 28,000 "," 5,250 ",," 1,690 "," 3,500 "," 1,656 ", 698 ,," 350,000 "," 243,386.00 ",186.1%,77.6%,69.5%,12/18/2025,," 63,134 ",1.22x,21.0%,35%,0%,0%,65%,12/18/2024,
1070,0, 3 , 4 ,, 4 , 2 , -   ," 4,148 "," 1,565 ", -   ," 1,878 "," 47,920 "," 8,985 ",," 1,690 "," 3,500 "," 3,473 ", 698 ,," 599,000 "," 340,245.00 ",91.2%,41.3%,70.2%,12/18/2025,," 192,383 ",1.47x,45.0%,35%,0%,0%,65%,12/18/2024,
1110,0, 3 , 4 ,, 4 , 2 , -   ," 1,924 "," 1,565 ", -   ," 1,878 "," 20,000 "," 3,750 ",," 1,690 "," 3,500 "," 1,603 ", 698 ,," 250,000 "," 170,555.00 ",137.9%,62.2%,75.8%,12/18/2025,," 45,088 ",1.22x,21.0%,35%,0%,0%,65%,12/18/2024,
1087,0, 3 , 4 ,, 4 , 2 , -   ," 5,022 "," 1,500 ", -   ," 2,639 "," 23,920 "," 4,485 ",," 1,333 "," 3,500 "," 1,614 ", 670 ,," 299,000 "," 204,564.36 ",163.3%,82.0%,68.4%,11/18/2025,," 52,738 ",1.21x,21.4%,35%,0%,0%,65%,12/18/2024,
1080,0, 3 , 4 , 4 , 4 , 2 ," 100,000 "," 6,719 "," 2,000 ", -   ," 3,519 "," 42,000 "," 7,875 ",," 1,333 "," 3,500 "," 1,864 ", 670 ,," 525,000 "," 241,228.00 ",152.1%,67.4%,80.4%,3/18/2026,," 120,668 ",1.30x,21.6%,35%,0%,0%,65%,12/18/2024,
1075,0, 3 , 3 ,, 4 , 2 , -   ," 2,671 "," 1,429 ", -   ," 2,515 "," 30,000 "," 5,625 ",," 1,365 "," 3,500 "," 1,891 ", 639 ,," 375,000 "," 319,184.42 ",196.8%,94.3%,99.1%,11/18/2025,," 10,305 ",1.03x,3.0%,35%,0%,0%,65%,12/18/2024,
1121,0, 3 , 5 ,, 4 , 2 , -   ," 3,028 "," 1,673 ", -   ," 2,677 "," 30,000 "," 5,625 ",," 1,625 "," 3,500 "," 2,537 ", 746 ,," 375,000 "," 275,102.00 ",110.8%,68.9%,76.0%,1/18/2026,," 52,612 ",1.16x,14.5%,35%,0%,0%,65%,12/18/2024,
1105,0, 3 , 5 , 4 , 4 , 2 ," 25,000 "," 5,758 "," 2,173 ", -   ," 3,477 "," 47,600 "," 8,925 ",," 1,625 "," 3,500 "," 3,262 ", 746 ,," 595,000 "," 376,677.00 ",109.2%,69.8%,71.1%,5/18/2026,," 123,682 ",1.26x,17.5%,35%,0%,0%,65%,12/18/2024,
1114,0, 3 , 5 ,, 4 , 2 , -   ," 2,551 "," 1,673 ", -   ," 2,677 "," 26,000 "," 4,875 ",," 1,625 "," 3,500 "," 1,852 ", 746 ,," 325,000 "," 220,623.00 ",140.5%,67.2%,72.3%,1/18/2026,," 62,253 ",1.24x,21.0%,35%,0%,0%,65%,12/18/2024,
1113,0, 3 , 5 ,, 4 , 2 , -   ," 2,426 "," 1,673 ", -   ," 2,677 "," 26,000 "," 4,875 ",," 1,625 "," 3,500 "," 2,003 ", 746 ,," 325,000 "," 220,598.00 ",124.6%,58.9%,76.1%,1/18/2026,," 62,253 ",1.24x,21.0%,35%,0%,0%,65%,12/18/2024,
1134,0, 3 , 4 ,, 4 , 2 , -   ," 3,117 "," 1,546 ", -   ," 2,473 "," 39,600 "," 7,425 ",," 2,194 "," 3,500 "," 3,785 ", 690 ,," 495,000 "," 385,259.00 ",92.9%,40.8%,70.0%,12/18/2025,," 51,336 ",1.12x,11.2%,35%,0%,0%,65%,12/18/2024,
1091,0, 3 , 7 , 4 , 4 , 2 ," 75,000 "," 3,366 "," 2,428 ", -   ," 3,301 "," 63,960 "," 11,993 ",," 3,250 "," 3,500 "," 3,114 ", 858 ,," 799,500 "," 476,983.00 ",146.7%,63.4%,73.4%,7/18/2026,," 162,240 ",1.25x,15.0%,35%,0%,0%,65%,12/18/2024,
1090,0, 3 , 6 , 4 , 4 , 2 ," 10,000 "," 4,086 "," 2,308 ", -   ," 2,770 "," 39,920 "," 7,485 ",," 2,340 "," 3,500 "," 2,470 ", 806 ,," 499,000 "," 332,388.00 ",138.9%,76.7%,73.9%,6/18/2026,," 96,912 ",1.24x,15.1%,35%,0%,0%,65%,12/18/2024,
1093,0, 3 , 6 ,, 4 , 2 , -   ," 3,026 "," 1,854 ", -   ," 3,412 "," 29,222 "," 5,479 ",," 3,250 "," 3,500 "," 1,888 ", 826 ,," 365,276 "," 180,771.53 ",111.8%,64.6%,49.5%,2/18/2026,," 136,027 ",1.59x,45.8%,35%,0%,0%,65%,12/18/2024,
1082,0, 3 , 6 ,, 4 , 2 , -   ," 1,027 "," 1,854 ", -   ," 3,412 "," 9,920 "," 1,860 ",," 3,250 "," 3,500 "," 1,037 ", 826 ,," 124,000 "," 71,897.00 ",149.0%,64.4%,58.0%,2/18/2026,," 26,037 ",1.27x,21.0%,35%,0%,0%,65%,12/18/2024,
1086,0, 3 , 6 ,, 4 , 2 , -   ," 2,402 "," 1,854 ", -   ," 3,412 "," 23,200 "," 4,350 ",," 3,250 "," 3,500 "," 1,829 ", 826 ,," 290,000 "," 187,212.00 ",121.6%,57.6%,64.6%,2/18/2026,," 61,014 ",1.27x,21.1%,35%,0%,0%,65%,12/18/2024,
1120,0, 3 , 6 ,, 4 , 2 , -   ," 5,101 "," 1,808 ", -   ," 2,604 "," 43,200 "," 8,100 ",," 1,950 "," 3,500 "," 2,034 ", 806 ,," 540,000 "," 305,873.00 ",168.8%,72.7%,67.2%,2/18/2026,," 171,623 ",1.47x,37.3%,35%,0%,0%,65%,12/18/2024,
1123,0,3,7.2,3,4,2.4,75000,8234,2300,0,4048,39600," 7,425 ",,2700,4000,2106.1584,857,,495000,225065.1,0.786303948,0.437240269,0.750217,6/19/2026,,88558.5832,1.217887694,0.137184182,40%,0%,0%,60%,12/18/2024,
1085,0,3,7.2,,4,2.4,0,8614.375,1925,0,3388,34000," 6,375 ",,2700,4000,2030.3347,857,,425000,268903.125,0.992017415,0.524223381,0.717075,3/19/2026,,61706.8306,1.16985409,0.130029119,40%,0%,0%,60%,12/18/2024,
1101,0,3,8.42,,4,2.4,0,22546.415,2077.5,0,4155,58800," 11,025 ",,1680,4000,3103.0469,924.1,,735000,521180.58,1.073250644,0.511740071,0.713946,4/19/2026,,53770.3112,1.07893125,0.056384982,40%,0%,0%,60%,12/18/2024,
1071,0,3,11.48,3,4,2.4,60000,16405.2,2835,0,4082.4,51600," 9,675 ",,4200,4000,2240.51945,1092.4,,645000,421136.86,1.345038735,0.611506467,0.679253,10/19/2026,,22697.1011,1.036472755,0.019134933,40%,0%,0%,60%,12/18/2024,
1098,0,3,11.48,,4,2.4,0,11939.2,2460,0,3542.4,64000," 12,000 ",,4200,4000,2572.4676,1092.4,,800000,450189.48,1.186290296,0.569897412,0.865749,7/19/2026,,188551.5848,1.308368752,0.178085821,40%,0%,0%,60%,12/18/2024,
1095,0,3,11.48,3,4,2.4,115000,18522,2835,0,4082.4,96000," 18,000 ",,4200,4000,3118.1866,1092.4,,1200000,601269.2,1.230502001,0.58705503,0.858956,10/19/2026,,249847.6268,1.262955326,0.131473634,40%,0%,0%,60%,12/18/2024,
1127,0,3,11.48,3,4,2.4,65000,9790.2,2835,0,4082.4,44800," 8,400 ",,4200,4000,2186.422,1092.4,,560000,306792.604,1.014913783,0.492694534,0.8291692,10/19/2026,,67339.552,1.136685525,0.070136871,40%,0%,0%,60%,12/18/2024,
1100,0,3,7.24,,4,2.4,0,7668.533333,1930,0,3396.8,30000," 5,625 ",,3000,4000,1626.83965,859.2,,375000,276499.68,1.452448845,0.784407115,0.6912492,3/19/2026,,13517.10737,1.037393491,0.028943045,40%,0%,0%,60%,12/18/2024,
1069,0,3,7.24,,4,2.4,0,8627.1,1930,0,3396.8,38000," 7,125 ",,3000,4000,2137.5203,859.2,,475000,336018.15,1.148764055,0.629587732,0.746707,3/19/2026,,36068.7094,1.082173931,0.063299849,40%,0%,0%,60%,12/18/2024,
1076,0,3,7.24,,4,2.4,0,4505.263333,1930,0,3396.8,20400," 3,825 ",,3000,4000,1424.796,859.2,,255000,183336.096,1.22257318,0.502547469,0.7801536,3/19/2026,,9498.038667,1.038688239,0.02994099,40%,0%,0%,60%,12/18/2024,
1135,0,3,3.2,3,4,2.4,,2428.8,1800,0,2880,24800," 4,650 ",,1260,4000,1469.9546,637,,310000,185069.06,1.164022826,0.550702319,0.841223,2/19/2026,,58560.2308,1.232899636,0.190619809,40%,0%,0%,60%,12/18/2024,
1119,0,3,3.32,,4,2.4,0,6564.434688,1440,0,2534.4,26000," 4,875 ",,1230,4000,1681.6843,643.6,,325000,244970.838,1.21672126,0.570007958,0.601862897,11/19/2025,,7428.358712,1.023391127,0.024377544,40%,0%,0%,60%,12/18/2024,
1102,0,3,3.32,,4,2.4,0,4032,1440,0,2534.4,20400," 3,825 ",,1230,4000,1108.01605,643.6,,255000,185001.725,2.136199397,0.844275999,0.7400069,11/19/2025,,12277.2429,1.050581342,0.052743545,40%,0%,0%,60%,12/18/2024,
1108,0,3,2.8,,4,2.4,0,1642.85,1375,0,2420,19600," 3,675 ",,1260,4000,1584.723,615,,245000,170443.988,0.936790584,0.358633733,0.827398,11/19/2025,,20048.716,1.089124701,0.097610618,40%,0%,0%,60%,12/18/2024,
1103,0,3,4.6,3,4,2.4,45000,3703.125,1975,0,3160,46000," 8,625 ",,1500,4000,1942.47235,714,,575000,301269,1.188463796,0.585948554,0.803384,3/19/2026,,116968.9303,1.255373354,0.188549838,40%,0%,0%,60%,12/18/2024,
1106,0,3,4.6,,4,2.4,0,4320,1600,0,2560,42800," 8,025 ",,1500,4000,1798.05195,714,,535000,390002.04,1.736349062,0.854756577,0.722226,12/19/2025,,40282.8561,1.081426036,0.076148042,40%,0%,0%,60%,12/18/2024,
1112,0,3,4.6,,4,2.4,0,3120,1600,0,2560,33600," 6,300 ",,1500,4000,2132.28025,714,,420000,301845.102,1.035645347,0.639540992,0.7739618,12/19/2025,,32371.3375,1.083511207,0.078093232,40%,0%,0%,60%,12/18/2024,
1130,0,3,4.6,,4,2.4,0,1722.872,1600,0,2560,20000," 3,750 ",,1500,4000,1562.81255,714,,250000,187201.56,1.054285389,0.506915658,0.869253479,12/19/2025,,6750.9429,1.027753213,0.02599629,40%,0%,0%,60%,12/18/2024,
1129,0,3,4.6,,4,2.4,0,3840,1600,0,2560,34000," 6,375 ",,1500,4000,1845.42085,714,,425000,325342.08,1.389850839,0.687795413,0.677796,12/19/2025,,12928.0783,1.031373354,0.029383998,40%,0%,0%,60%,12/18/2024,
1107,0,3,7.24,,4,2.4,0,9677.689067,1930,0,3396.8,38000," 7,125 ",,3000,4000,2476.46295,859.2,,475000,331644.746,0.92048728,0.463082142,0.65698246,3/19/2026,,38713.63903,1.08873447,0.06830641,40%,0%,0%,60%,12/18/2024,
6193,1,2,4,,4,3,,330.75,2100,1344,800,35048," 6,572 ",3330,1827.5,3750,400,865.975,," 438,100 ",297579.1,1.747678822,0.841872743,0.668717057,10/2026," 383,391.29 ",85812.19697,1.32x,0.236926383,0.5,0,0,0.5,10/9/2025,325216.4168
6194,1,2,4,,4,3,,213.15,1353.333333,0,800,22902," 4,294 ",2145,1827.5,3750,400,865.975,," 286,275 ",193065.6,1.37090212,0.7324057,0.821555681,10/2026," 249,153.56 ",56087.97839,1.31x,0.23689689,0.5,0,0,0.5,10/9/2025,211124.9459
6195,1,2,4,4,4,3,60000,3262.5,1305,0,1600,33760," 6,330 ",,1250,3750,400,1124.5,," 422,000 ",217052.8,1.056924547,0.613310436,0.723509278,02/2027," 305,124.88 ",88072.09155,1.27x,0.237300032,0,0.5,0.5,0,10/9/2025,244530.854
6196,1,2,4,,4,3,,4331.25,1732.5,0,800,38640," 7,245 ",3607.5,1250,3750,400,908.5,," 483,000 ",322675.1,1.508232121,0.519503781,0.6722397,10/2026," 415,706.81 ",93031.75643,1.28x,0.236640197,0.5,0,0,0.5,10/9/2025,352575.4685
6197,1,2,4,,4,3,,2625,1050,0,800,23440," 4,395 ",2190,1250,3750,400,908.5,," 293,000 ",193146.0,1.665037584,0.717326409,0.965730124,10/2026," 249,385.25 ",56239.22521,1.29x,0.236534649,0.5,0,0,0.5,10/9/2025,211205.8532
6198,1,2,4,,4,3,,2406.25,962.5,0,800,21440," 4,020 ",2002.5,1250,3750,400,908.5,," 268,000 ",176096.0,0.910230643,0.496720451,0.721704829,10/2026," 227,493.06 ",51397.08421,1.30x,0.236509115,0.5,0,0,0.5,10/9/2025,192597.4523
6199,1,2,4,,4,3,,3456.25,1382.5,0,800,29622," 5,554 ",2880,1250,3750,400,917.725,," 370,275 ",202818.9,1.769327749,0.89595,0.466250279,11/2026," 321,135.67 ",118316.7942,1.30x,0.430616087,0.5,0,0,0.5,10/9/2025,269037.8577
6200,1,2,4,4,4,3,110000,398.165625,6075,0,1600,70240," 13,170 ",,1687.5,3750,400,1079.5,," 878,000 ",473060.4,1.189746118,0.456800733,0.727785272,02/2027," 661,179.45 ",188119.0277,1.31x,0.237781221,0,0.5,0.5,0,10/9/2025,532000.5419
6201,1,2,4,,4,3,,126.1677083,1925,0,800,22000," 4,125 ",2062.5,1687.5,3750,400,863.5,," 275,000 ",199199.6,1.276037354,0.440720824,0.711426964,10/2026," 234,656.84 ",35457.29427,1.28x,0.145963401,0.5,0,0,0.5,10/9/2025,198731.3642
6202,1,2,4,,4,3,,114.6979167,1750,0,800,18956," 3,554 ",1875,1687.5,3750,400,865.975,," 236,950 ",127002.5,1.813262855,0.89595,0.434593128,10/2026," 203,666.85 ",76664.39907,1.28x,0.477249449,0.5,0,0,0.5,10/9/2025,172419.7529
6203,1,2,5,4,4,3,100000,4067.029167,1947.5,0,1760,30880," 5,790 ",,2250,3750,400,1169.5,," 386,000 ",157857.1,1.823923563,0.812906848,0.928571395,03/2027," 230,442.53 ",72585.38785,1.23x,0.235332233,0,0.5,0.5,0,10/9/2025,180010.3059
6204,1,2,5,,4,3,,3837.3125,1837.5,0,880,20040," 3,758 ",1890,2250,3750,400,953.5,," 250,500 ",165417.3,1.942839241,0.81384655,0.709945311,11/2026," 208,788.76 ",43371.50083,1.28x,0.195027333,0.5,0,0,0.5,10/9/2025,174287.0913
6205,1,2,5,,4,3,,4620.4375,2212.5,0,880,24120," 4,523 ",2272.5,2250,3750,400,953.5,," 301,500 ",201178.6,1.080973842,0.533517715,0.773763862,11/2026," 252,970.34 ",51791.73767,1.31x,0.192748696,0.5,0,0,0.5,10/9/2025,211373.2328
6206,1,2,5,4,4,3,125000,10117.975,4845,0,1760,63920," 11,985 ",,2250,3750,400,1169.5,," 799,000 ",388362.5,1.643606213,0.886811865,0.983196124,03/2027," 566,600.05 ",178237.581,1.30x,0.250148112,0,0.5,0.5,0,10/9/2025,448484.6013
6207,1,2,5,,4,3,,4620.4375,2212.5,0,880,24120," 4,523 ",2272.5,2250,3750,400,953.5,," 301,500 ",201178.6,0.949782528,0.357529031,0.788935702,11/2026," 252,970.34 ",51791.73767,1.31x,0.192748696,0.5,0,0,0.5,10/9/2025,211373.2328
6208,1,2,5,,4,3,,3524.0625,1687.5,0,880,18400," 3,450 ",1732.5,2250,3750,400,953.5,," 230,000 ",144488.2,1.440911128,0.612459535,0.733442708,11/2026," 191,027.38 ",46539.16151,1.28x,0.237176162,0.5,0,0,0.5,10/9/2025,159377.9816
6209,1,2,5,4,4,3,90000,5852.554167,2802.5,0,1760,37080," 6,953 ",,2250,3750,400,1169.5,," 463,500 ",212583.4,1.115066979,0.512664456,0.787346027,03/2027," 307,303.48 ",94720.04767,1.27x,0.236815959,0,0.5,0.5,0,10/9/2025,241869.4873
6210,1,2,5,,4,3,,5873.4375,2812.5,0,880,30720," 5,760 ",2895,2250,3750,400,953.5,," 384,000 ",246366.9,1.632781715,0.847187419,0.656978504,11/2026," 324,459.63 ",78092.68613,1.41x,0.237326282,0.5,0,0,0.5,10/9/2025,271382.9374
6211,1,2,6,4,4,3,35000,3812.5,2500,0,1600,36320," 6,810 ",,1545,3750,400,1259.5,," 454,000 ",286811.5,1.643713187,0.797511336,0.735414138,11/2026," 356,778.63 ",69967.111,1.27x,0.181641406,0,0.5,0.5,0,10/9/2025,297761.9188
6212,1,2,6,,4,3,,1789.333333,1173.333333,880,800,17840," 3,345 ",1680,1545,3750,400,1043.5,," 223,000 ",159459.2,0.918432197,0.358796445,0.664413292,04/2026," 186,771.50 ",27312.31,1.20x,0.258573836,0.5,0,0,0.5,10/9/2025,169760.4929
6213,1,2,6,4,4,3,250000,9300,1500,0,800,105680," 19,815 ",,2025,3750,400,1304.5,," 1,321,000 ",687014.5,1.413675273,0.857597604,0.558548341,01/2027," 913,485.50 ",226471.04,1.26x,0.207537669,0,0.5,0.5,0,10/9/2025,741770.0453
6214,1,2,6,4,4,3,35000,4908.333333,791.6666667,0,800,41520," 7,785 ",,2025,3750,400,1304.5,," 519,000 ",304165.1,1.477083014,0.561985915,0.73292788,04/2027," 415,668.00 ",111502.93,1.35x,0.197938615,0,0.5,0.5,0,10/9/2025,327161.0443
6215,1,2,6,,4,3,,6406.666667,1033.333333,0,400,59200," 11,100 ",5475,2025,3750,400,1088.5,," 740,000 ",480199.2,0.789246218,0.429595991,0.466212768,12/2026," 641,879.00 ",161679.8494,1.31x,0.238394552,0.5,0,0,0.5,10/9/2025,532194.6384
6216,1,2,7,4,4,3,25000,3901.625,8575,0,800,23200," 4,350 ",,2000,3750,400,1340.5,," 290,000 ",169334.6,1.264878808,0.377578984,0.651286731,04/2027," 214,774.06 ",45439.5125,1.30x,0.141754514,0,0.5,0.5,0,10/9/2025,167505.2391
6217,1,2,7,,4,3,,3158.458333,6941.666667,0,400,18760," 3,518 ",1732.5,2000,3750,400,1178.5,," 234,500 ",157179.5,1.416656474,0.790595351,0.698575533,01/2027," 190,587.19 ",33407.6925,1.33x,0.136502224,0.5,0,0,0.5,10/9/2025,154808.8277
6218,1,2,7,,4,3,,3803.041667,8358.333333,0,400,22560," 4,230 ",2085,2000,3750,400,1178.5,," 282,000 ",167350.3,1.171667157,0.416747282,0.51492403,01/2027," 230,742.81 ",63392.50285,1.33x,0.238533789,0.5,0,0,0.5,10/9/2025,187654.8611
6219,1,2,7,4,4,3,200000,7166.25,15750,0,800,60800," 11,400 ",,2000,3750,400,1340.5,," 760,000 ",323637.1,0.889925712,0.346981333,0.703558804,04/2027," 450,730.13 ",127093.075,1.25x,0.196424645,0,0.5,0.5,0,10/9/2025,349064.0203
6220,1,2,7,,4,3,,3545.208333,7791.666667,0,400,21080," 3,953 ",1950,2000,3750,400,1178.5,," 263,500 ",179805.2,1.793170999,0.737206171,0.67851026,01/2027," 215,124.31 ",35319.0935,1.31x,0.127008873,0.5,0,0,0.5,10/9/2025,174881.2107
6221,1,2,7,4,4,3,35000,4379.375,9625,0,800,28480," 5,340 ",,2000,3750,400,1340.5,," 356,000 ",159329.8,2.097955212,0.876721372,0.579381,04/2027," 262,425.44 ",103095.6625,1.32x,0.320485479,0,0.5,0.5,0,10/9/2025,204934.9816
6222,1,2,7,,4,3,,13794.08333,30316.66667,0,400,82040," 15,383 ",7582.5,2000,3750,400,1178.5,," 1,025,500 ",746724.6,1.593348685,0.578168726,0.74672455,01/2027," 859,589.38 ",112864.825,1.34x,0.100782436,0.5,0,0,0.5,10/9/2025,702057.4406
6223,1,2,7,4,4,3,35000,3742.375,8225,0,800,22400," 4,200 ",,2000,3750,400,1340.5,," 280,000 ",169414.2,1.393094236,0.629602524,0.594435754,11/2026," 196,296.94 ",26882.7475,1.23x,0.114067096,0,0.5,0.5,0,10/9/2025,162523.5533
6224,1,2,7,4,4,3,120000,5812.625,12775,0,800,41440," 7,770 ",,2000,3750,400,1340.5,," 518,000 ",214858.6,1.035833921,0.556520549,0.538492854,04/2027," 318,159.56 ",103300.9139,1.26x,0.236351258,0,0.5,0.5,0,10/9/2025,246406.6043
6225,1,2,6,4,4,3,15000,3986.268,4025,0,960,32920," 6,173 ",,2250,3750,400,1304.5,," 411,500 ",259080.9,1.633100738,0.694131865,0.719669072,04/2027," 336,817.01 ",77736.1477,1.34x,0.163498718,0,0.5,0.5,0,10/9/2025,264939.7259
6226,1,2,6,,4,3,,5083.936,5133.333333,0,480,45000," 8,438 ",4245,2250,3750,400,1088.5,," 562,500 ",398217.9,1.243247891,0.61515747,0.796435838,12/2026," 481,352.27 ",83134.35133,1.30x,0.148693138,0.5,0,0,0.5,10/9/2025,398472.7479
6227,1,2,6,4,4,3,5000,680.6083333,5741.666667,0,1440,24160," 4,530 ",,1175,3750,400,1259.5,," 302,000 ",172851.6,1.7831311,0.714222084,0.735538544,04/2027," 251,164.34 ",78312.781,1.34x,0.24031958,0,0.5,0.5,0,10/9/2025,197590.3798
6228,1,2,6,,4,3,,503.3933333,4246.666667,0,720,19760," 3,705 ",1860,1175,3750,400,1043.5,," 247,000 ",154373.0,1.454674343,0.604582397,0.857627908,12/2026," 207,670.82 ",53297.79537,1.33x,0.23810156,0.5,0,0,0.5,10/9/2025,171472.3214
6229,1,2,6,,4,3,,1730.029333,14594.66667,0,720,68000," 12,750 ",6390,1175,3750,400,1043.5,," 850,000 ",547260.9,1.179514518,0.501486726,0.68407615,12/2026," 731,982.10 ",184721.1777,1.30x,0.238301462,0.5,0,0,0.5,10/9/2025,606621.2412
6230,1,2,4,,4,3,,9625,3850,0,800,85960," 16,118 ",8025,1250,3750,400,908.5,," 1,074,500 ",725940.6,1.584393858,0.596092659,1.008390849,10/2026," 933,516.50 ",207575.9277,1.32x,0.236729604,0.5,0,0,0.5,10/9/2025,792703.8087
6231,1,2,5,4,4,3,100000,612.75,12112.5,1140,1440,45320," 8,498 ",,4000,3750,400,1214.5,," 566,500 ",298650.0,0.823496845,0.341055598,1.1946,03/2027," 382,712.63 ",84062.625,1.26x,0.15452767,0,0.5,0.5,0,10/9/2025,301346.9662
6232,1,2,5,4,4,3,200000,476.5833333,9420.833333,0,1440,54160," 10,155 ",,4000,3750,400,1214.5,," 677,000 ",298650.0,0.677220114,0.290166876,1.002181208,03/2027," 385,473.54 ",86823.54167,1.20x,0.152686292,0,0.5,0.5,0,10/9/2025,300575.9878
6233,1,2,5,,4,3,,322.5,6375,0,720,24040," 4,508 ",2257.5,4000,3750,400,998.5,," 300,500 ",189425.6,1.159163491,0.482366497,0.757702239,11/2026," 250,351.00 ",60925.44028,1.25x,0.23721481,0.5,0,0,0.5,10/9/2025,208923.9411
6234,1,2,5,,4,3,,376.25,7437.5,0,720,28040," 5,258 ",2632.5,4000,3750,400,998.5,," 350,500 ",200095.5,0.727062541,0.304919932,1.053134211,11/2026," 293,646.96 ",93551.45833,1.47x,0.341384858,0.5,0,0,0.5,10/9/2025,245265.2632
6235,1,2,5,,4,3,,241.875,4781.25,3750,720,18000," 3,375 ",1687.5,4000,3750,400,998.5,," 225,000 ",136382.6,0.956695267,0.441813737,0.681912774,11/2026," 181,338.31 ",44955.75768,1.73x,0.236869532,0.5,0,0,0.5,10/9/2025,150728.783
6236,1,2,6,,4,3,,4620,2200,1152,1000,26880," 5,040 ",2535,1500,3750,400,1088.5,," 336,000 ",231055.6,1.413952256,0.506727537,0.733509683,07/2026," 282,738.63 ",51683.075,1.20x,0.237743145,0.5,0,0,0.5,10/9/2025,248032.5656
6237,1,2,6,,4,3,,3290,1566.666667,0,1000,19120," 3,585 ",1800,1500,3750,400,1088.5,," 239,000 ",169414.2,0.878500491,0.462799349,0.752951956,10/2026," 199,669.10 ",30254.91417,1.31x,0.14465788,0.5,0,0,0.5,10/9/2025,168777.053
6238,1,2,6,4,4,3,150000,7437.5,3541.666667,28940,2000,56560," 10,605 ",,1500,3750,400,1304.5,," 707,000 ",309618.4,0.982036989,0.398987641,0.800047594,04/2027," 434,889.31 ",125270.8935,1.24x,0.198642904,0,0.5,0.5,0,10/9/2025,335561.4144
6239,1,2,6,,4,3,,3710,1766.666667,0,1000,21560," 4,043 ",2032.5,1500,3750,400,1088.5,," 269,500 ",134393.5,1.026825553,0.376192658,0.450984884,12/2026," 226,137.23 ",91743.73367,1.30x,0.452329081,0.5,0,0,0.5,10/9/2025,186707.5367
6240,1,2,6,,4,3,,3150,1500,0,1000,18320," 3,435 ",1725,1500,3750,400,1088.5,," 229,000 ",141761.6,0.904002784,0.380354606,0.691519796,12/2026," 190,994.31 ",49232.75439,1.30x,0.238021451,0.5,0,0,0.5,10/9/2025,157546.51
6241,1,2,6,,4,3,,6300,3000,0,1000,36680," 6,878 ",3457.5,1500,3750,400,1088.5,," 458,500 ",348442.9,1.380611138,0.527613179,0.725922748,07/2026," 390,170.88 ",41727.956,1.24x,0.128060192,0.5,0,0,0.5,10/9/2025,342599.2635
6242,1,2,6,,4,3,,6790,3233.333333,0,1000,39520," 7,410 ",3727.5,1500,3750,400,1088.5,," 494,000 ",368434.6,1.40994021,0.557735619,0.705813314,07/2026," 420,976.40 ",52541.84583,1.24x,0.152740341,0.5,0,0,0.5,10/9/2025,369698.0988
6243,1,2,6,,4,3,,4970,2366.666667,0,1000,28920," 5,423 ",2730,1500,3750,400,1088.5,," 361,500 ",278927.2,2.045820105,0.817612209,1.328224543,07/2026," 305,985.35 ",27058.20017,1.20x,0.103270119,0.5,0,0,0.5,10/9/2025,268542.709
6244,1,2,6,,4,3,,3500,1666.666667,0,1000,20360," 3,818 ",1920,1500,3750,400,1088.5,," 254,500 ",187313.3,1.180618555,0.489008773,0.74925312,07/2026," 213,125.04 ",25811.76167,1.22x,0.145592839,0.5,0,0,0.5,10/9/2025,186855.3129
6245,1,2,4,,4,3,,3657.5,962.5,0,600,22400," 4,200 ",2107.5,1875,3750,400,863.5,," 280,000 ",183095.7,1.017011655,0.448913752,0.621318545,10/2026," 236,721.50 ",53625.75934,1.28x,0.236469489,0.5,0,0,0.5,10/9/2025,200306.9892
6246,1,2,4,,4,3,,2012.5,2333.333333,0,800,20240," 3,795 ",1905,1500,3750,400,908.5,," 253,000 ",137722.4,1.277880392,0.598691759,0.692072601,10/2026," 212,988.38 ",75265.9275,1.28x,0.431103903,0.5,0,0,0.5,10/9/2025,180160.2785
6247,1,2,5,4,4,3,50000,5711.875,4631.25,0,1440,33280," 6,240 ",,1250,3750,400,1169.5,," 416,000 ",231812.1,1.090393501,0.529582839,0.735911524,03/2027," 304,511.75 ",72699.62,1.29x,0.175158459,0,0.5,0.5,0,10/9/2025,241001.9812
6248,1,2,5,,4,3,,516.25,1000,0,600,16000," 3,000 ",1500,1800,3750,400,998.5,," 200,000 ",127633.5,1.524196861,0.555608339,0.79770929,11/2026," 168,485.79 ",40852.3053,1.29x,0.237358683,0.5,0,0,0.5,10/9/2025,140723.4262
6249,1,2,6,,4,3,,10406.66667,1866.666667,0,1000,28800," 5,400 ",2722.5,1400,3750,400,1088.5,," 360,000 ",260821.0,1.30728484,0.691420203,0.726520891,12/2026," 299,971.71 ",39150.70833,1.33x,0.106061381,0.5,0,0,0.5,10/9/2025,247613.9723
6250,1,2,6,,4,3,,5500.666667,986.6666667,0,1000,15160," 2,843 ",1432.5,1400,3750,400,1088.5,," 189,500 ",91586.0,0.776422974,0.41333733,0.508811111,12/2026," 154,258.15 ",62672.14583,1.31x,0.441409749,0.5,0,0,0.5,10/9/2025,126877.8964
6251,1,2,6,4,4,3,10000,14866.66667,2666.666667,4740,2000,41000," 7,688 ",,1400,3750,400,1304.5,," 512,500 ",301637.5,0.869261274,0.575280156,0.773429476,04/2027," 418,116.50 ",116479.0045,1.37x,0.205973202,0,0.5,0.5,0,10/9/2025,328488.6561
6252,1,2,6,,4,3,,6690,1200,0,1000,18480," 3,465 ",1747.5,1400,3750,400,1088.5,," 231,000 ",161405.4,0.803225057,0.550290367,0.768597107,12/2026," 189,730.56 ",28325.17,1.32x,0.122101623,0.5,0,0,0.5,10/9/2025,156270.2448
6253,1,2,6,4,4,3,75000,7433.333333,1333.333333,0,2000,28960," 5,430 ",,1400,3750,400,1304.5,," 362,000 ",149326.0,1.001474221,0.418122232,0.829588864,04/2027," 231,588.00 ",82262.0045,1.25x,0.267748362,0,0.5,0.5,0,10/9/2025,179441.8133
6254,1,2,6,4,4,3,45000,12079.16667,2166.666667,0,2000,36040," 6,758 ",,1400,3750,400,1304.5,," 450,500 ",241095.2,1.745784924,0.749079935,0.753422398,04/2027," 335,453.31 ",94358.145,1.30x,0.204568774,0,0.5,0.5,0,10/9/2025,262418.6435
6255,1,2,6,,4,3,,9663.333333,1733.333333,0,1000,26720," 5,010 ",2527.5,1400,3750,400,1088.5,," 334,000 ",229076.5,1.268098671,0.535147099,0.803777179,12/2026," 277,745.98 ",48669.48317,1.29x,0.148587638,0.5,0,0,0.5,10/9/2025,229197.6309
6256,1,2,6,4,4,3,150000,14680.83333,2633.333333,0,2000,53880," 10,103 ",,1400,3750,400,1304.5,," 673,500 ",313761.7,1.140150344,0.508607086,1.0458723,04/2027," 427,046.69 ",113284.9975,1.27x,0.183352906,0,0.5,0.5,0,10/9/2025,331418.96
6257,1,2,6,4,4,3,90000,8362.5,1500,0,2000,31040," 5,820 ",,1400,3750,400,1304.5,," 388,000 ",141484.4,0.82011808,0.470537777,0.725561241,04/2027," 238,789.56 ",97305.1205,1.24x,0.322432309,0,0.5,0.5,0,10/9/2025,184566.4635
6258,1,2,6,4,4,3,90000,10964.16667,1966.666667,0,2000,39360," 7,380 ",,1400,3750,400,1304.5,," 492,000 ",224662.4,1.289282259,0.575322624,1.095914385,04/2027," 328,877.94 ",104215.4885,1.28x,0.233307725,0,0.5,0.5,0,10/9/2025,255833.2334
6259,1,2,6,4,4,3,65000,11521.66667,2066.666667,0,2000,33960," 6,368 ",,1400,3750,400,1304.5,," 424,500 ",226100.9,1.589070408,0.876908734,0.731718273,04/2027," 292,824.38 ",66723.4285,1.28x,0.153865224,0,0.5,0.5,0,10/9/2025,227963.8637
6260,1,2,6,4,4,3,50000,10035,1800,0,2000,33160," 6,218 ",,1400,3750,400,1304.5,," 414,500 ",205023.6,1.863227417,0.87518754,0.683412128,04/2027," 300,583.88 ",95560.23648,1.31x,0.238648325,0,0.5,0.5,0,10/9/2025,234781.3106
6261,1,2,6,4,4,3,50000,13937.5,2500,0,2000,37280," 6,990 ",,1400,3750,400,1304.5,," 466,000 ",249073.1,0.852410445,0.526730459,0.640290757,04/2027," 342,188.94 ",93115.833,1.31x,0.195115501,0,0.5,0.5,0,10/9/2025,267402.6958
6262,1,2,6,,4,3,,12636.66667,2266.666667,0,1000,34920," 6,548 ",3300,1400,3750,400,1088.5,," 436,500 ",281228.8,1.428160704,0.42786487,0.722953085,12/2026," 365,317.65 ",84088.89583,1.32x,0.207909173,0.5,0,0,0.5,10/9/2025,301756.0272
6263,1,2,6,,4,3,,10704,1920,0,1000,29600," 5,550 ",2797.5,1400,3750,400,1088.5,," 370,000 ",229300.4,0.935087266,0.524602008,0.664638888,12/2026," 308,507.00 ",79206.5838,1.28x,0.23797459,0.5,0,0,0.5,10/9/2025,254685.3171
6264,1,2,6,,4,3,,12636.66667,2266.666667,0,1000,34920," 6,548 ",3300,1400,3750,400,1088.5,," 436,500 ",284626.4,1.009185758,0.434572738,0.948754638,12/2026," 365,317.65 ",80691.25433,1.28x,0.197516435,0.5,0,0,0.5,10/9/2025,301756.0272
6265,1,2,6,,4,3,,18137.33333,3253.333333,0,1000,50160," 9,405 ",4740,1400,3750,400,1088.5,," 627,000 ",409636.3,1.234514757,0.520923439,0.74479328,12/2026," 528,101.79 ",118465.4877,1.28x,0.202477449,0.5,0,0,0.5,10/9/2025,436634.7925
6266,1,2,12,4,4,3,100000,8796.666667,2513.333333,0,1440,37520," 7,035 ",,3500,5000,400,1844.5,," 469,000 ",176724.0,0.496996013,0.184492123,0.654533385,10/2027," 296,478.00 ",119753.986,1.29x,0.23979854,0,0.5,0.5,0,10/9/2025,212979.4984
6267,1,2,12,4,4,3,35000,9100,2600,0,1440,32080," 6,015 ",,3500,5000,400,1844.5,," 401,000 ",181083.7,0.847589499,0.361827245,0.482889797,10/2027," 300,235.50 ",119151.8261,1.36x,0.241624755,0,0.5,0.5,0,10/9/2025,217719.0396
6268,1,2,12,4,4,3,10000,7431.666667,2123.333333,0,1440,25000," 4,688 ",,3500,5000,400,1844.5,," 312,500 ",164377.0,0.497498117,0.194417657,0.699476426,10/2027," 248,131.75 ",83754.79,1.43x,0.193918926,0,0.5,0.5,0,10/9/2025,180120.0449
6269,1,2,12,4,4,3,200000,10616.66667,3033.333333,0,1440,57960," 10,868 ",,3500,5000,400,1844.5,," 724,500 ",273774.4,1.308079434,0.522395875,1.095097784,10/2027," 422,855.50 ",149081.054,1.23x,0.197536677,0,0.5,0.5,0,10/9/2025,303296.0244
6270,1,2,12,4,4,3,250000,18958.33333,5416.666667,0,1440,100120," 18,773 ",,3500,5000,400,1844.5,," 1,251,500 ",505322.5,0.755535761,0.409042218,0.722922092,10/2027," 834,001.75 ",328679.2075,1.30x,0.240243679,0,0.5,0.5,0,10/9/2025,605235.2596
6271,1,2,8,4,4,3,150000,4081,8066.666667,0,1600,53280," 9,990 ",,1300,3750,400,1439.5,," 666,000 ",340570.5,1.568366797,0.726988123,0.724618096,06/2027," 425,985.00 ",85414.495,1.28x,0.119061512,0,0.5,0.5,0,10/9/2025,323290.6006
6272,1,2,5,,4,3,,4068.75,1750,0,720,28120," 5,273 ",2640,1500,3750,400,998.5,," 351,500 ",227219.0,1.450278575,0.642356361,0.757396625,11/2026," 298,962.96 ",71743.97077,1.27x,0.237403029,0.5,0,0,0.5,10/9/2025,250215.8256
6273,1,2,5,,4,3,,3487.5,1500,0,720,24120," 4,523 ",2265,1500,3750,400,998.5,," 301,500 ",193926.9,1.853983743,0.792185397,0.79153823,11/2026," 255,391.50 ",61464.63361,1.30x,0.237367254,0.5,0,0,0.5,10/9/2025,213622.9504
6274,1,2,5,,4,3,,4068.75,1750,0,720,28120," 5,273 ",2640,1500,3750,400,998.5,," 351,500 ",227219.0,1.431831953,0.746654286,0.857430142,11/2026," 298,962.96 ",71743.97077,1.31x,0.237403029,0.5,0,0,0.5,10/9/2025,250215.8256
6275,1,2,5,,4,3,,4998.75,2150,0,720,34560," 6,480 ",3247.5,1500,3750,400,998.5,," 432,000 ",280826.2,1.354561608,0.437619316,0.72941876,11/2026," 369,121.04 ",88294.81901,1.31x,0.237443393,0.5,0,0,0.5,10/9/2025,309137.6916
6276,1,2,5,,4,3,,4068.75,1750,0,720,28120," 5,273 ",2640,1500,3750,400,998.5,," 351,500 ",227219.0,2.236433162,0.842206188,0.605917314,11/2026," 298,962.96 ",71743.9657,1.32x,0.237403017,0.5,0,0,0.5,10/9/2025,250215.8256
6277,1,2,5,,4,3,,7556.25,3250,0,720,52240," 9,795 ",4905,1500,3750,400,998.5,," 653,000 ",427991.2,2.020717105,0.792373532,0.951091639,11/2026," 561,722.96 ",133731.721,1.31x,0.237502736,0.5,0,0,0.5,10/9/2025,470892.8737
6278,1,2,5,,4,3,,4068.75,1750,0,720,28120," 5,273 ",2640,1500,3750,400,998.5,," 351,500 ",227219.0,1.909895978,0.80487123,1.009862167,11/2026," 298,962.96 ",71743.97077,1.27x,0.237403029,0.5,0,0,0.5,10/9/2025,250215.8256
6279,1,2,5,,4,3,,4359.375,1875,0,720,29478," 5,527 ",2827.5,1500,3750,400,1021.225,," 368,475 ",207857.9,1.694239928,0.89595,0.532969044,12/2026," 318,319.82 ",110461.8947,1.29x,0.363297623,0.5,0,0,0.5,10/9/2025,263372.8865
6280,1,2,6,,4,3,,7450,3500,0,880,30480," 5,715 ",2872.5,2500,3750,400,1043.5,," 381,000 ",267889.1,1.790146375,0.720998177,0.8929635,12/2026," 319,298.38 ",51409.325,1.28x,0.135061687,0.5,0,0,0.5,10/9/2025,263653.6856
6281,1,2,6,,4,3,,6953.333333,3266.666667,0,880,28440," 5,333 ",2677.5,2500,3750,400,1043.5,," 355,500 ",204188.0,1.812774977,0.900178095,0.996039027,12/2026," 297,351.50 ",93163.4995,1.34x,0.309900039,0.5,0,0,0.5,10/9/2025,245456.6103
6282,1,2,6,,4,3,,11522.66667,5413.333333,0,880,47160," 8,843 ",4440,2500,3750,400,1043.5,," 589,500 ",418289.2,1.523425762,0.840844167,1.145997781,12/2026," 498,730.25 ",80441.06,1.31x,0.136455256,0.5,0,0,0.5,10/9/2025,412426.9148
6283,1,2,6,,4,3,,2980,1400,0,880,12160," 2,280 ",1147.5,2500,3750,400,1043.5,," 152,000 ",89919.6,1.386823954,0.598867398,0.473261265,12/2026," 122,220.25 ",32300.60961,1.28x,0.237708908,0.5,0,0,0.5,10/9/2025,100248.9982
6284,1,2,6,,4,3,,4370.666667,2053.333333,0,880,17840," 3,345 ",1680,2500,3750,400,1043.5,," 223,000 ",135635.2,1.164265702,0.460588956,0.616523567,12/2026," 183,316.50 ",47681.31535,1.27x,0.237888068,0.5,0,0,0.5,10/9/2025,150905.617
6285,1,2,6,,4,3,,4072.666667,1913.333333,0,880,16640," 3,120 ",1567.5,2500,3750,400,1043.5,," 208,000 ",147222.5,1.980418431,0.825378806,0.657243321,07/2026," 170,414.63 ",23192.121,1.22x,0.163751453,0.5,0,0,0.5,10/9/2025,149107.7206
6286,1,2,6,,4,3,,3973.333333,1866.666667,0,880,16240," 3,045 ",1530,2500,3750,400,1043.5,," 203,000 ",144526.7,1.056404816,0.494324797,0.760666789,12/2026," 166,114.00 ",21587.31,1.30x,0.103625375,0.5,0,0,0.5,10/9/2025,136643.1487
6287,1,2,3,4,4,3,74000,711.875,4250,0,2000,46360," 8,693 ",,1025,3750,400,989.5,," 579,500 ",313780.6,1.4270504,0.533479446,0.784451424,01/2027," 431,818.00 ",118037.4302,1.25x,0.237027794,0,0.5,0.5,0,10/9/2025,351148.8388
6288,1,2,3,,4,3,,816.5625,4875,0,1000,36200," 6,788 ",3397.5,1025,3750,400,773.5,," 452,500 ",308185.9,1.699845521,0.731639415,0.772395746,09/2026," 389,391.50 ",81205.59748,1.29x,0.23558771,0.5,0,0,0.5,10/9/2025,334176.6823
6289,1,2,3,,4,3,,3640,2816.666667,0,880,15640," 2,933 ",1462.5,1025,3750,400,818.5,," 195,500 ",126089.6,1.453558225,0.627105828,0.681565359,09/2026," 160,424.42 ",34334.82526,1.24x,0.235021132,0.5,0,0,0.5,10/9/2025,137027.8983
6290,1,2,3,,4,3,,6825,5281.25,0,880,29360," 5,505 ",2745,1025,3750,400,818.5,," 367,000 ",224087.1,1.405834481,0.57342178,0.995942444,09/2026," 307,198.38 ",83111.325,1.28x,0.323959583,0.5,0,0,0.5,10/9/2025,263026.4621
6291,1,2,3,4,4,3,10000,4403,3407.083333,0,1760,18240," 3,420 ",,1025,3750,400,1034.5,," 228,000 ",129100.3,1.718643455,0.743502765,0.573778894,01/2027," 178,510.13 ",49409.87374,1.31x,0.237942094,0,0.5,0.5,0,10/9/2025,144852.2711
6292,1,2,3,,4,3,,3621.8,2802.583333,0,880,15182," 2,847 ",1455,1025,3750,400,814.225,," 189,775 ",98875.3,2.285936862,0.89595,0.823960418,09/2026," 158,244.24 ",59368.98948,1.25x,0.508783156,0.5,0,0,0.5,10/9/2025,135217.7416
6293,1,2,3,,4,3,,6370,4929.166667,0,880,27036," 5,069 ",2557.5,1025,3750,400,814.225,," 337,950 ",200559.7,1.638810981,0.89595,0.527788607,09/2026," 287,197.88 ",86638.20838,1.28x,0.376456195,0.5,0,0,0.5,10/9/2025,245935.3824
6294,1,2,3,,4,3,,4095,3168.75,0,880,17560," 3,293 ",1642.5,1025,3750,400,818.5,," 219,500 ",142341.8,1.648863606,0.648777581,0.508363553,09/2026," 180,948.38 ",38606.58024,1.24x,0.23506791,0.5,0,0,0.5,10/9/2025,154645.7264
6295,1,2,3,,4,3,,3621.8,2802.583333,0,880,15560," 2,918 ",1455,1025,3750,400,818.5,," 194,500 ",125411.3,1.636891986,0.758855859,0.78382051,09/2026," 159,567.96 ",34156.67677,1.28x,0.235018831,0.5,0,0,0.5,10/9/2025,136292.6279
6296,1,2,3,,4,3,,2544.75,1755,0,880,21800," 4,088 ",2047.5,1050,3750,400,773.5,," 272,500 ",201108.9,1.75582552,0.707196398,0.758901581,09/2026," 231,021.25 ",29912.331,1.28x,0.132223266,0.5,0,0,0.5,10/9/2025,197935.6398
6297,1,2,3,,4,3,,3016,2080,0,880,25840," 4,845 ",2422.5,1050,3750,400,773.5,," 323,000 ",239933.4,1.553063715,0.701914253,0.749791934,09/2026," 275,105.00 ",35171.581,1.19x,0.130820423,0.5,0,0,0.5,10/9/2025,235835.6027
6298,1,2,3,,4,3,,2120.625,1462.5,0,880,18052," 3,385 ",1702.5,1050,3750,400,762.475,," 225,650 ",159638.4,1.811051748,0.841514985,0.798591196,09/2026," 193,636.68 ",33998.30125,1.29x,0.188251275,0.5,0,0,0.5,10/9/2025,165859.2361
6299,1,2,3,,4,3,,1837.875,1267.5,2535,880,15760," 2,955 ",1477.5,1050,3750,400,773.5,," 197,000 ",143456.5,1.103696662,0.734698067,0.7356745,07/2026," 162,777.50 ",19320.9725,1.23x,0.14093346,0.5,0,0,0.5,10/9/2025,142543.6338
6300,1,2,3,,4,3,,3063.125,2112.5,0,880,26132," 4,900 ",2460,1050,3750,400,762.475,," 326,650 ",223830.2,1.452430589,0.798230056,0.699469466,09/2026," 283,184.93 ",59354.70209,1.26x,0.235783845,0.5,0,0,0.5,10/9/2025,242853.0038
6301,1,2,3,,4,3,,1790.75,1235,0,880,15320," 2,873 ",1440,1050,3750,400,773.5,," 191,500 ",124548.0,1.100198856,0.609275144,0.622740003,09/2026," 160,309.75 ",35761.7495,1.28x,0.250395399,0.5,0,0,0.5,10/9/2025,137142.9124
6302,1,2,3,,4,3,,1979.25,1365,0,880,16960," 3,180 ",1590,1050,3750,400,773.5,," 212,000 ",149504.2,1.34696432,0.680783319,0.74752095,09/2026," 178,209.50 ",28705.31,1.25x,0.16904723,0.5,0,0,0.5,10/9/2025,152532.0777
6303,1,2,3,,4,3,,5890.625,4062.5,0,880,50520," 9,473 ",4740,1050,3750,400,773.5,," 631,500 ",499103.9,1.395660377,0.516002609,0.932904449,04/2026," 544,415.25 ",45311.37,1.19x,0.137546366,0.5,0,0,0.5,10/9/2025,495697.6566
6304,1,2,3,,4,3,,2591.875,1787.5,0,880,22200," 4,163 ",2085,1050,3750,400,773.5,," 277,500 ",202206.0,2.129789014,0.784107486,0.740681172,09/2026," 235,385.25 ",33179.29,1.25x,0.145801836,0.5,0,0,0.5,10/9/2025,201687.4394
6305,1,2,3,,4,3,,1602.25,1105,0,880,13720," 2,573 ",1290,1050,3750,400,773.5,," 171,500 ",126550.9,1.130956212,0.419683067,0.744417332,09/2026," 142,853.75 ",16302.8035,1.21x,0.11304484,0.5,0,0,0.5,10/9/2025,122135.714
6306,1,2,3,,4,3,,2450.5,1690,0,880,21000," 3,938 ",1972.5,1050,3750,400,773.5,," 262,500 ",175465.7,1.690168464,0.621448168,0.701862939,09/2026," 222,293.25 ",46827.51514,1.25x,0.235413629,0.5,0,0,0.5,10/9/2025,190432.0406
6307,1,2,3,,4,3,,2356.25,1625,0,880,20200," 3,788 ",1897.5,1050,3750,400,773.5,," 252,500 ",189324.2,2.097767985,0.808562881,0.728169962,09/2026," 213,565.25 ",24241.06,1.25x,0.113749152,0.5,0,0,0.5,10/9/2025,182928.4414
6308,1,2,3,,4,3,,1413.75,975,0,880,12080," 2,265 ",1132.5,1050,3750,400,773.5,," 151,000 ",98218.2,1.351287062,0.539173347,0.530908927,09/2026," 124,954.00 ",26735.84853,1.25x,0.235177976,0.5,0,0,0.5,10/9/2025,106746.5487
6309,1,2,3,,4,3,,2120.625,1462.5,0,880,18160," 3,405 ",1702.5,1050,3750,400,773.5,," 227,000 ",166348.1,1.610153972,0.752901625,0.723566986,09/2026," 191,301.50 ",24953.45,1.25x,0.13269642,0.5,0,0,0.5,10/9/2025,163787.4765
6310,1,2,4,,4,3,,155.1666667,2333.333333,0,880,20456," 3,836 ",1927.5,1500,3750,400,917.725,," 255,700 ",167805.9,1.669045256,0.754666288,1.290814309,11/2026," 220,929.64 ",53123.7836,1.27x,0.237677389,0.5,0,0,0.5,10/9/2025,184867.924
6311,1,2,4.5,,4,2.5,,4385.5,2100,0,880," 24,388.00 "," 4,573 ",3080,2250,6250, 400 ,939.4,," 304,850 ",173290.12,1.311663587,0.629032184,0.737404766,1/31/2027,260512.8875,87222.7675,1.400789766,0.367752677,0.5,0,0,0.5,,173290.12
6312,1,2,4.5,,4,2.5,,4385.5,2100,0,880," 28,632.00 "," 5,369 ",3600,2250,6250, 400 ,939.4,," 357,900 ",258002.42,1.230730401,0.679717543,0.72676738,1/31/2027,307822.4354,49820.01542,1.161711302,0.146285719,0.5,0,0,0.5,,258002.42
6313,1,2,4.5,4,4,2.5,20000,5638.5,2700,0,1760," 41,756.00 "," 7,829 ",0,2250,6250, 400 ,1085.2,," 521,950 ",364072.36,2.063458577,0.88991724,0.720935366,4/30/2027,439299.9833,75227.62333,1.168399049,0.129075187,0,0.5,0.5,0,,364072.36
6314,1,2,4.5,4,4,2.5,135000,5638.5,2700,0,1760," 59,600.00 "," 11,175 ",0,2250,6250, 400 ,1085.2,," 745,000 ",402408.23,2.06238669,0.772367642,1.087589811,4/30/2027,537097.6542,134689.4242,1.220689972,0.198758,0,0.5,0.5,0,,402408.23
6315,1,2,6,,4,3,,5012,2400,0,880," 17,244.00 "," 3,233 ",2170,2250,6250, 400 ,1112.65,," 215,550 ",144189.87,0.825740861,0.423051923,0.57675948,3/31/2027,176871.9625,32682.0925,1.178719672,0.146095043,0.5,0,0,0.5,,144189.87
6316,1,2,6,,4,3,,5012,2400,0,880," 19,164.00 "," 3,593 ",2490,2250,6250, 400 ,1112.65,," 239,550 ",146004.85,1.576218992,0.897719732,0.561557115,3/31/2027,199431.05,53426.2,1.287046579,0.233344692,0.5,0,0,0.5,,146004.85
6317,1,2,6,4,4,3,100000,6265,3000,0,1760," 38,912.00 "," 7,296 ",0,2250,6250, 400 ,1307.05,," 486,400 ",256617.01,1.371216347,0.632618227,0.703060301,7/31/2027,329131.1917,72514.18167,1.175203349,0.139140505,0,0.5,0.5,0,,256617.01
6318,1,2,6,4,4,3,200000,6265,3000,0,1760," 43,468.00 "," 8,150 ",0,2250,6250, 400 ,1307.05,," 543,350 ",147319.92,0.395789179,0.232643781,0.4910664,7/31/2027,293649.325,146329.405,1.368568802,0.401594716,0,0.5,0.5,0,,147319.92
6319,1,2,6,4,4,3,80000,6265,3000,0,1760," 40,584.00 "," 7,610 ",0,2250,6250, 400 ,1307.05,," 507,300 ",280256.08,0.902973575,0.338525916,0.70239619,7/31/2027,363555.7833,83299.70333,1.196461427,0.147851497,0,0.5,0.5,0,,280256.08
6320,1,2,6,4,4,3,150000,6265,3000,0,1760," 65,040.00 "," 12,195 ",0,2250,6250, 400 ,1307.05,," 813,000 ",451727.71,1.343926976,0.54068033,0.74053723,7/31/2027,572229.1792,120501.4692,1.174009711,0.133828455,0,0.5,0.5,0,,451727.71
6321,1,2,6,4,4,3,200000,6265,3000,0,1760," 48,036.00 "," 9,007 ",0,2250,6250, 400 ,1307.05,," 600,450 ",233001.38,1.171175187,0.476310169,0.728129313,7/31/2027,342237.2833,109235.9033,1.222379415,0.212594515,0,0.5,0.5,0,,233001.38
6322,1,2,6,4,4,3,100000,6265,3000,0,1760," 44,292.00 "," 8,305 ",0,2250,6250, 400 ,1307.05,," 553,650 ",289455.14,1.20544971,0.611272527,0.732797823,7/31/2027,389649.2833,100194.1433,1.220956774,0.1704395,0,0.5,0.5,0,,289455.14
6323,1,2,12,4,4,3,250000,8144.5,3900,0,1760," 100,548.00 "," 18,853 ",0,2250,6250, 400 ,1901.05,," 1,256,850 ",576880.4,0.856263998,0.369818581,0.887508308,1/31/2028,880332.45,303452.05,1.318284773,0.192581898,0,0.5,0.5,0,,576880.4
6324,1,2,5,4,4,3,125000,5951.75,2850,0,1760," 67,648.00 "," 12,684 ",0,2250,6250, 400 ,1208.05,," 845,600 ",400000,1.460709969,0.63102667,0.628043065,6/30/2027,640530.1063,240530.1063,1.397524499,0.308365172,0,0.5,0.5,0,,400000
